filename,file_hash_md5,file_size_mb,capture_date,clear_act_status,rights_holder,license_terms
sr2-107.jpg,c2e096a635afe35b020ecb8e3dfdf9b0,1.2,2026-03-31,Federal Disclosure Ready - Clean Data,Brett Williams Studios LLC,Perpetual AI Training (Non-Exclusive)
DSC_5029.jpg,ef4ef9d0158b0030645bd3fa8f1c87fb,0.79,2026-03-31,Federal Disclosure Ready - Clean Data,Brett Williams Studios LLC,Perpetual AI Training (Non-Exclusive)
IMG_9031.jpg,8d1edc1a55e5ad98589538995945ab18,1.73,2026-03-31,Federal Disclosure Ready - Clean Data,Brett Williams Studios LLC,Perpetual AI Training (Non-Exclusive)
eva2-0126.jpg,3f04106187d2bad825d5f836c12e66ec,1.18,2026-03-31,Federal Disclosure Ready - Clean Data,Brett Williams Studios LLC,Perpetual AI Training (Non-Exclusive)
avalon barry-0173.jpg,5df004d72533dbd1cc0fa14416ef7cd3,1.54,2026-03-31,Federal Disclosure Ready - Clean Data,Brett Williams Studios LLC,Perpetual AI Training (Non-Exclusive)
IMG_8700.jpg,672a59da747e2232ead86fe4c33df2eb,1.39,2026-03-31,Federal Disclosure Ready - Clean Data,Brett Williams Studios LLC,Perpetual AI Training (Non-Exclusive)
DSC_5638.jpg,da7f0b06e594a015d1d1124f75859b74,0.8,2026-03-31,Federal Disclosure Ready - Clean Data,Brett Williams Studios LLC,Perpetual AI Training (Non-Exclusive)
guppiez0231.jpg,02fe629a64866dc61ec4e96d16d84de2,1.28,2026-03-31,Federal Disclosure Ready - Clean Data,Brett Williams Studios LLC,Perpetual AI Training (Non-Exclusive)
_MG_8830.jpg,f55126fd129bc75dad1d6d1aff2235dd,2.34,2026-03-31,Federal Disclosure Ready - Clean Data,Brett Williams Studios LLC,Perpetual AI Training (Non-Exclusive)
CRW_9574.jpg,2917f9f53221fcfd0ed1f9c4398b0487,1.2,2026-03-31,Federal Disclosure Ready - Clean Data,Brett Williams Studios LLC,Perpetual AI Training (Non-Exclusive)
IMG_8712.jpg,c8283a225ff43b663845774265d6b33b,1.34,2026-03-31,Federal Disclosure Ready - Clean Data,Brett Williams Studios LLC,Perpetual AI Training (Non-Exclusive)
guppiez0122.jpg,6af86bb96758f9369854c78cf8b0d535,1.64,2026-03-31,Federal Disclosure Ready - Clean Data,Brett Williams Studios LLC,Perpetual AI Training (Non-Exclusive)
DSC_6386.jpg,5d5c0b8467670a639cf0f9a490dc6094,1.53,2026-03-31,Federal Disclosure Ready - Clean Data,Brett Williams Studios LLC,Perpetual AI Training (Non-Exclusive)
avalon barry-0104.jpg,7a48ac62a4b80e757c39329f98741985,1.56,2026-03-31,Federal Disclosure Ready - Clean Data,Brett Williams Studios LLC,Perpetual AI Training (Non-Exclusive)
guppiez0242.jpg,fa48e2fbcb2267c2bbf982937bd1df8d,2.28,2026-03-31,Federal Disclosure Ready - Clean Data,Brett Williams Studios LLC,Perpetual AI Training (Non-Exclusive)
eva2-0237.jpg,9149fcf43b14936c97d89cc9171ed01d,1.38,2026-03-31,Federal Disclosure Ready - Clean Data,Brett Williams Studios LLC,Perpetual AI Training (Non-Exclusive)
sr2.jpg,7e5c6dd8e872bc63bb9a6dd212045d93,1.16,2026-03-31,Federal Disclosure Ready - Clean Data,Brett Williams Studios LLC,Perpetual AI Training (Non-Exclusive)
guppiez0052.jpg,910f979f33a56a8ca8071782ef5d9d64,1.41,2026-03-31,Federal Disclosure Ready - Clean Data,Brett Williams Studios LLC,Perpetual AI Training (Non-Exclusive)
sr2-019.jpg,8cace5e538b991caf611240846b7bd5b,1.25,2026-03-31,Federal Disclosure Ready - Clean Data,Brett Williams Studios LLC,Perpetual AI Training (Non-Exclusive)
guppiez0467.jpg,cc744fd99d4c322124771aa616c34f5e,1.69,2026-03-31,Federal Disclosure Ready - Clean Data,Brett Williams Studios LLC,Perpetual AI Training (Non-Exclusive)
DSC_4771.jpg,10ef08450527ea46cac3ee5e9fdacea1,0.65,2026-03-31,Federal Disclosure Ready - Clean Data,Brett Williams Studios LLC,Perpetual AI Training (Non-Exclusive)
DSC_5269.jpg,0e0fb063060312484f2f16800860ae96,0.59,2026-03-31,Federal Disclosure Ready - Clean Data,Brett Williams Studios LLC,Perpetual AI Training (Non-Exclusive)
DSC_5296.jpg,2681dce618470a07bb5a9c613e9f5417,1.24,2026-03-31,Federal Disclosure Ready - Clean Data,Brett Williams Studios LLC,Perpetual AI Training (Non-Exclusive)
DSC_5478.jpg,5161cdf4796e794c298def6407b22d26,0.75,2026-03-31,Federal Disclosure Ready - Clean Data,Brett Williams Studios LLC,Perpetual AI Training (Non-Exclusive)
guppiez0099.jpg,dd29802655ce5fd4d5cc5ef1a397c467,1.68,2026-03-31,Federal Disclosure Ready - Clean Data,Brett Williams Studios LLC,Perpetual AI Training (Non-Exclusive)
_MG_8910.jpg,cd98a8120584bfd37b3e5feb542b1ee5,2.13,2026-03-31,Federal Disclosure Ready - Clean Data,Brett Williams Studios LLC,Perpetual AI Training (Non-Exclusive)
DSC_6177.jpg,74230eb3fa1f1ff5e51b06d680b2287a,1.21,2026-03-31,Federal Disclosure Ready - Clean Data,Brett Williams Studios LLC,Perpetual AI Training (Non-Exclusive)
DSC_5424.jpg,dad1ea47cea18025028c7538d357b6b6,1.02,2026-03-31,Federal Disclosure Ready - Clean Data,Brett Williams Studios LLC,Perpetual AI Training (Non-Exclusive)
IMG_8722.jpg,53bbae98e47ae48d8fc0ec484fba2ff4,2.33,2026-03-31,Federal Disclosure Ready - Clean Data,Brett Williams Studios LLC,Perpetual AI Training (Non-Exclusive)
avalon barry-0032.jpg,fc5f0351da2791bead84180e5f59eb80,1.32,2026-03-31,Federal Disclosure Ready - Clean Data,Brett Williams Studios LLC,Perpetual AI Training (Non-Exclusive)
eva2-0247-copy.jpg,89060b65ead84d737ba3c9013da71aa2,1.98,2026-03-31,Federal Disclosure Ready - Clean Data,Brett Williams Studios LLC,Perpetual AI Training (Non-Exclusive)
IMG_8655.jpg,5565d33944b32ce055c135f421fb2a06,1.38,2026-03-31,Federal Disclosure Ready - Clean Data,Brett Williams Studios LLC,Perpetual AI Training (Non-Exclusive)
IMG_8866.jpg,3260c2aa7aed9fd8c6578dfcae30d46e,2.72,2026-03-31,Federal Disclosure Ready - Clean Data,Brett Williams Studios LLC,Perpetual AI Training (Non-Exclusive)
sr2-078.jpg,6ba48ef5c284c6cf93b963d449175d3d,0.98,2026-03-31,Federal Disclosure Ready - Clean Data,Brett Williams Studios LLC,Perpetual AI Training (Non-Exclusive)
guppiez0204.jpg,d9fb96b00c7f6589de8030fb8c07921e,1.19,2026-03-31,Federal Disclosure Ready - Clean Data,Brett Williams Studios LLC,Perpetual AI Training (Non-Exclusive)
guppiez0172.jpg,cbd85890233a7716bd55bb03e6314c1a,1.99,2026-03-31,Federal Disclosure Ready - Clean Data,Brett Williams Studios LLC,Perpetual AI Training (Non-Exclusive)
IMG_9200.jpg,4221647c94b0429980ee578c84141391,2.16,2026-03-31,Federal Disclosure Ready - Clean Data,Brett Williams Studios LLC,Perpetual AI Training (Non-Exclusive)
DSC_5583.jpg,b204a9f1cb9fc2a2e7b7356233aec4cd,0.69,2026-03-31,Federal Disclosure Ready - Clean Data,Brett Williams Studios LLC,Perpetual AI Training (Non-Exclusive)
sr2-043.jpg,11f62fe3efa773d5d02f2a79e5abb393,0.88,2026-03-31,Federal Disclosure Ready - Clean Data,Brett Williams Studios LLC,Perpetual AI Training (Non-Exclusive)
